[
  {"name":"🇫🇷 Paris (CDG)","city":"Paris","country":"France","lat":49.0097,"lng":2.5479},
  {"name":"🇫🇷 Paris (ORLY)","city":"Paris","country":"France","lat":48.7233,"lng":2.3794},
  {"name":"🇫🇷 Lyon (LYS)","city":"Lyon","country":"France","lat":45.7256,"lng":4.0814},
  {"name":"🇫🇷 Marseille (MRS)","city":"Marseille","country":"France","lat":43.4393,"lng":5.2219},
  {"name":"🇫🇷 Toulouse (TLS)","city":"Toulouse","country":"France","lat":43.6293,"lng":1.363},
  {"name":"🇫🇷 Nice (NCE)","city":"Nice","country":"France","lat":43.6629,"lng":7.2159},
  {"name":"🇫🇷 Lille (LIL)","city":"Lille","country":"France","lat":50.566,"lng":3.075},
  {"name":"🇫🇷 Bordeaux (BOD)","city":"Bordeaux","country":"France","lat":44.828,"lng":-0.7156},
  {"name":"🇫🇷 Nantes (NTE)","city":"Nantes","country":"France","lat":47.1537,"lng":-1.6106},
  {"name":"🇫🇷 Toulon (TLN)","city":"Toulon","country":"France","lat":43.1244,"lng":5.928},
  {"name":"🇫🇷 Strasbourg (SXB)","city":"Strasbourg","country":"France","lat":48.5383,"lng":7.6281},

  {"name":"🇩🇪 Berlin (BER)","city":"Berlin","country":"Germany","lat":52.3667,"lng":13.5033},
  {"name":"🇩🇪 Munich (MUC)","city":"Munich","country":"Germany","lat":48.3538,"lng":11.7861},
  {"name":"🇩🇪 Francfort (FRA)","city":"Frankfurt","country":"Germany","lat":50.0333,"lng":8.5706},
  {"name":"🇩🇪 Düsseldorf (DUS)","city":"Düsseldorf","country":"Germany","lat":51.2895,"lng":6.7668},
  {"name":"🇩🇪 Hambourg (HAM)","city":"Hamburg","country":"Germany","lat":53.6336,"lng":9.9882},
  {"name":"🇩🇪 Stuttgart (STR)","city":"Stuttgart","country":"Germany","lat":48.6899,"lng":9.2219},
  {"name":"🇩🇪 Cologne (CGN)","city":"Cologne","country":"Germany","lat":50.8659,"lng":7.1427},
  {"name":"🇩🇪 Hanovre (HAJ)","city":"Hanover","country":"Germany","lat":52.4611,"lng":9.6856},
  {"name":"🇩🇪 Nuremberg (NUE)","city":"Nuremberg","country":"Germany","lat":49.4983,"lng":11.0781},

  {"name":"🇧🇪 Bruxelles (BRU)","city":"Brussels","country":"Belgium","lat":50.9014,"lng":4.4844},
  {"name":"🇧🇪 Charleroi (CRL)","city":"Charleroi","country":"Belgium","lat":50.4594,"lng":4.4531},

  {"name":"🇮🇹 Rome (FCO)","city":"Rome","country":"Italy","lat":41.8003,"lng":12.2389},
  {"name":"🇮🇹 Rome Ciampino (CIA)","city":"Rome","country":"Italy","lat":41.7994,"lng":12.5943},
  {"name":"🇮🇹 Milan (MXP)","city":"Milan","country":"Italy","lat":45.63,"lng":8.7231},
  {"name":"🇮🇹 Venise (VCE)","city":"Venice","country":"Italy","lat":45.5053,"lng":12.3519},
  {"name":"🇮🇹 Turin (TRN)","city":"Turin","country":"Italy","lat":45.2006,"lng":7.6494},
  {"name":"🇮🇹 Palermo (PMO)","city":"Palermo","country":"Italy","lat":38.1759,"lng":13.0913},
  {"name":"🇮🇹 Naples (NAP)","city":"Naples","country":"Italy","lat":40.886,"lng":14.2908},
  {"name":"🇮🇹 Bologne (BLQ)","city":"Bologna","country":"Italy","lat":44.5356,"lng":11.2887},
  {"name":"🇮🇹 Gênes (GOA)","city":"Genoa","country":"Italy","lat":44.4136,"lng":8.8378},

  {"name":"🇷🇺 Moscou (SVO)","city":"Moscow","country":"Russia","lat":55.9726,"lng":37.4146},
  {"name":"🇷🇺 Saint-Pétersbourg (LED)","city":"Saint Petersburg","country":"Russia","lat":59.8003,"lng":30.2625},
  {"name":"🇷🇺 Ekaterinbourg (SVX)","city":"Yekaterinburg","country":"Russia","lat":56.7431,"lng":60.8036},
  {"name":"🇷🇺 Novossibirsk (OVB)","city":"Novosibirsk","country":"Russia","lat":55.0122,"lng":82.6506},

  {"name":"🇨🇦 Montréal (YUL)","city":"Montreal","country":"Canada","lat":45.4706,"lng":-73.7408},
  {"name":"🇨🇦 Toronto (YYZ)","city":"Toronto","country":"Canada","lat":43.6777,"lng":-79.6248},
  {"name":"🇨🇦 Vancouver (YVR)","city":"Vancouver","country":"Canada","lat":49.1939,"lng":-123.1839},
  {"name":"🇨🇦 Calgary (YYC)","city":"Calgary","country":"Canada","lat":51.1139,"lng":-114.0206},
  {"name":"🇨🇦 Ottawa (YOW)","city":"Ottawa","country":"Canada","lat":45.3225,"lng":-75.6692},
  {"name":"🇨🇦 Edmonton (YEG)","city":"Edmonton","country":"Canada","lat":53.3097,"lng":-113.5806},
  {"name":"🇨🇦 Québec (YQB)","city":"Quebec","country":"Canada","lat":46.7919,"lng":-71.3939},



  
  {"name":"🇨🇮 Abidjan (ABJ)","city":"Abidjan","country":"Côte d'Ivoire","lat":5.2611,"lng":-3.9261},
  {"name":"🇬🇭 Accra (ACC)","city":"Accra","country":"Ghana","lat":5.6052,"lng":-0.1668},
  {"name":"🇸🇳 Dakar (DSS)","city":"Dakar","country":"Senegal","lat":14.7396,"lng":-17.4903},
  {"name":"🇹🇬 Lomé (LFW)","city":"Lomé","country":"Togo","lat":6.1656,"lng":1.2544},
  {"name":"🇧🇯 Cotonou (COO)","city":"Cotonou","country":"Benin","lat":6.357,"lng":2.3844},
  {"name":"🇬🇲 Banjul (BJL)","city":"Banjul","country":"Gambia","lat":13.3384,"lng":-16.6528},
  {"name":"🇬🇳 Conakry (CKY)","city":"Conakry","country":"Guinea","lat":9.5761,"lng":-13.6231},
  {"name":"🇳🇬 Abuja (ABV)","city":"Abuja","country":"Nigeria","lat":9.0063,"lng":7.2631},
  {"name":"🇳🇬 Lagos (LOS)","city":"Lagos","country":"Nigeria","lat":6.577,"lng":3.3212},
  {"name":"🇨🇲 Yaoundé (NSI)","city":"Yaoundé","country":"Cameroon","lat":3.72,"lng":11.55},
  {"name":"🇨🇲 Douala (DLA)","city":"Douala","country":"Cameroon","lat":4.0064,"lng":9.7191},
  {"name":"🇨🇩 Kinshasa (FIH)","city":"Kinshasa","country":"DR Congo","lat":-4.3856,"lng":15.4444},
  {"name":"🇨🇬 Brazzaville (BZV)","city":"Brazzaville","country":"Congo","lat":-4.2514,"lng":15.2531},
  {"name":"🇰🇪 Nairobi (NBO)","city":"Nairobi","country":"Kenya","lat":-1.3192,"lng":36.9275},
  {"name":"🇪🇹 Addis-Abeba (ADD)","city":"Addis Ababa","country":"Ethiopia","lat":8.9779,"lng":38.8},
  {"name":"🇲🇦 Casablanca (CMN)","city":"Casablanca","country":"Morocco","lat":33.367,"lng":-7.5898},
  {"name":"🇹🇳 Tunis (TUN)","city":"Tunis","country":"Tunisia","lat":36.851,"lng":10.227},
  {"name":"🇩🇿 Alger (ALG)","city":"Algiers","country":"Algeria","lat":36.691,"lng":3.215},
  {"name":"🇬🇦 Libreville (LBV)","city":"Libreville","country":"Gabon","lat":0.458,"lng":9.412},

  {"name":"🇨🇬 Pointe-Noire (PNR)","city":"Pointe-Noire","country":"Congo","lat":-4.816,"lng":11.886},
  {"name":"🇨🇩 Lubumbashi (FBM)","city":"Lubumbashi","country":"DR Congo","lat":-11.591,"lng":27.48},
  {"name":"🇨🇫 Bangui (BGF)","city":"Bangui","country":"Central African Republic","lat":4.398,"lng":18.518},
  {"name":"🇬🇦 Port-Gentil (POG)","city":"Port-Gentil","country":"Gabon","lat":-0.711,"lng":8.754},

  {"name":"🇲🇱 Bamako (BKO)","city":"Bamako","country":"Mali","lat":12.533,"lng":-7.948},
  {"name":"🇧🇫 Ouagadougou (OUA)","city":"Ouagadougou","country":"Burkina Faso","lat":12.364,"lng":-1.512},
  {"name":"🇳🇪 Niamey (NIM)","city":"Niamey","country":"Niger","lat":13.481,"lng":2.183},
  {"name":"🇧🇯 Porto-Novo","city":"Porto-Novo","country":"Benin","lat":6.496,"lng":2.603},

  {"name":"🇱🇺 Luxembourg (LUX)","city":"Luxembourg","country":"Luxembourg","lat":49.623,"lng":6.204},
  {"name":"🇪🇬 Le Caire (CAI)","city":"Cairo","country":"Egypt","lat":30.121,"lng":31.405},
  {"name":"🇰🇪 Mombasa (MBA)","city":"Mombasa","country":"Kenya","lat":-4.034,"lng":39.594},
  {"name":"🇹🇿 Dar es Salaam (DAR)","city":"Dar es Salaam","country":"Tanzania","lat":-6.877,"lng":39.203},
  {"name":"🇿🇦 Johannesburg (JNB)","city":"Johannesburg","country":"South Africa","lat":-26.133,"lng":28.242},
  {"name":"🇿🇦 Cape Town (CPT)","city":"Cape Town","country":"South Africa","lat":-33.968,"lng":18.597},
  {"name":"🇳🇬 Kano (KAN)","city":"Kano","country":"Nigeria","lat":12.047,"lng":8.524},
  {"name":"🇲🇷 Nouakchott (NKC)","city":"Nouakchott","country":"Mauritania","lat":18.085,"lng":-15.978},
  {"name":"🇸🇩 Khartoum (KRT)","city":"Khartoum","country":"Sudan","lat":15.589,"lng":32.553},
  {"name":"🇺🇬 Entebbe (EBB)","city":"Entebbe","country":"Uganda","lat":0.042,"lng":32.443},
  {"name":"🇲🇦 Marrakech (RAK)","city":"Marrakech","country":"Morocco","lat":31.607,"lng":-8.036},
  {"name":"🇸🇴 Mogadiscio (MGQ)","city":"Mogadishu","country":"Somalia","lat":2.007,"lng":45.345},
  {"name":"🇱🇾 Tripoli (TIP)","city":"Tripoli","country":"Libya","lat":32.663,"lng":13.159},




  
  {"name":"🇺🇬 Entebbe (EBB)","city":"Entebbe","country":"Uganda","lat":0.042,"lng":32.443},
  {"name":"🇷🇼 Kigali (KGL)","city":"Kigali","country":"Rwanda","lat":-1.968,"lng":30.139},
  {"name":"🇹🇿 Dar es Salaam (DAR)","city":"Dar es Salaam","country":"Tanzania","lat":-6.877,"lng":39.203},
  {"name":"🇹🇿 Zanzibar (ZNZ)","city":"Zanzibar","country":"Tanzania","lat":-6.222,"lng":39.224},
  {"name":"🇰🇪 Mombasa (MBA)","city":"Mombasa","country":"Kenya","lat":-4.034,"lng":39.594},
  {"name":"🇸🇩 Khartoum (KRT)","city":"Khartoum","country":"Sudan","lat":15.589,"lng":32.553},
  {"name":"🇸🇴 Mogadiscio (MGQ)","city":"Mogadishu","country":"Somalia","lat":2.007,"lng":45.345},

  {"name":"🇸🇱 Freetown Lungi (FNA)","city":"Freetown","country":"Sierra Leone","lat":8.616,"lng":-13.195},
  {"name":"🇱🇷 Monrovia Roberts (ROB)","city":"Monrovia","country":"Liberia","lat":6.233,"lng":-10.362},
  {"name":"🇸🇳 Ziguinchor (ZIG)","city":"Ziguinchor","country":"Senegal","lat":12.578,"lng":-16.269},

  {"name":"🇿🇦 Cape Town (CPT)","city":"Cape Town","country":"South Africa","lat":-33.968,"lng":18.597},
  {"name":"🇿🇼 Harare (HRE)","city":"Harare","country":"Zimbabwe","lat":-17.931,"lng":31.092},
  {"name":"🇲🇼 Lilongwe (LLW)","city":"Lilongwe","country":"Malawi","lat":-13.789,"lng":33.781},
  {"name":"🇿🇲 Lusaka (LUN)","city":"Lusaka","country":"Zambia","lat":-15.330,"lng":28.452},
  {"name":"🇧🇼 Gaborone (GBE)","city":"Gaborone","country":"Botswana","lat":-24.555,"lng":25.918},
  {"name":"🇳🇦 Windhoek (WDH)","city":"Windhoek","country":"Namibia","lat":-22.479,"lng":17.464},
  {"name":"🇦🇴 Luanda (LAD)","city":"Luanda","country":"Angola","lat":-8.858,"lng":13.231},

  {"name":"🇸🇳 Ziguinchor (ZIG)","city":"Ziguinchor","country":"Senegal","lat":12.578,"lng":-16.269},
  {"name":"🇬🇭 Kumasi (KMS)","city":"Kumasi","country":"Ghana","lat":6.714,"lng":-1.590},

  {"name":"🇨🇳 Pékin (PEK)","city":"Beijing","country":"China","lat":40.080,"lng":116.584},
  {"name":"🇨🇳 Shanghai (PVG)","city":"Shanghai","country":"China","lat":31.144,"lng":121.808},

  {"name":"🇯🇵 Tokyo Narita (NRT)","city":"Tokyo","country":"Japan","lat":35.764,"lng":140.386},
  {"name":"🇯🇵 Tokyo Haneda (HND)","city":"Tokyo","country":"Japan","lat":35.549,"lng":139.779},

  {"name":"🇰🇷 Séoul Incheon (ICN)","city":"Seoul","country":"South Korea","lat":37.460,"lng":126.440},

  {"name":"🇮🇳 Delhi (DEL)","city":"Delhi","country":"India","lat":28.556,"lng":77.100},
  {"name":"🇮🇳 Mumbai (BOM)","city":"Mumbai","country":"India","lat":19.089,"lng":72.865},

  {"name":"🇸🇬 Singapour Changi (SIN)","city":"Singapore","country":"Singapore","lat":1.360,"lng":103.991},

  {"name":"🇹🇭 Bangkok Suvarnabhumi (BKK)","city":"Bangkok","country":"Thailand","lat":13.689,"lng":100.747},

  {"name":"🇲🇾 Kuala Lumpur (KUL)","city":"Kuala Lumpur","country":"Malaysia","lat":2.745,"lng":101.709},

  {"name":"🇵🇭 Manille (MNL)","city":"Manila","country":"Philippines","lat":14.505,"lng":121.019},

  {"name":"🇮🇩 Jakarta Soekarno (CGK)","city":"Jakarta","country":"Indonesia","lat":-6.125,"lng":106.655},

  {"name":"🇦🇪 Dubaï (DXB)","city":"Dubai","country":"UAE","lat":25.252,"lng":55.364},

  {"name":"🇮🇱 Tel Aviv (TLV)","city":"Tel Aviv","country":"Israel","lat":32.011,"lng":34.886},

  {"name":"🇸🇦 Riyad (RUH)","city":"Riyadh","country":"Saudi Arabia","lat":24.957,"lng":46.698},

  {"name":"🇬🇧 Londres Heathrow (LHR)","city":"London","country":"UK","lat":51.4775,"lng":-0.4614},
  {"name":"🇬🇧 Londres Gatwick (LGW)","city":"London","country":"UK","lat":51.148,"lng":-0.190},

  {"name":"🇬🇧 Manchester (MAN)","city":"Manchester","country":"UK","lat":53.365,"lng":-2.272},
  {"name":"🇬🇧 Édimbourg (EDI)","city":"Edinburgh","country":"UK","lat":55.95,"lng":-3.372},
  {"name":"🇮🇪 Dublin (DUB)","city":"Dublin","country":"Ireland","lat":53.421,"lng":-6.270},





  
  {"name":"🇳🇱 Amsterdam (AMS)","city":"Amsterdam","country":"Netherlands","lat":52.310,"lng":4.768},
  {"name":"🇧🇪 Anvers (ANR)","city":"Antwerp","country":"Belgium","lat":51.189,"lng":4.460},
  {"name":"🇪🇸 Madrid (MAD)","city":"Madrid","country":"Spain","lat":40.471,"lng":-3.562},
  {"name":"🇪🇸 Barcelone (BCN)","city":"Barcelona","country":"Spain","lat":41.297,"lng":2.078},
  {"name":"🇵🇹 Lisbonne (LIS)","city":"Lisbon","country":"Portugal","lat":38.781,"lng":-9.135},
  {"name":"🇵🇹 Porto (OPO)","city":"Porto","country":"Portugal","lat":41.248,"lng":-8.681},
  {"name":"🇩🇰 Copenhague (CPH)","city":"Copenhagen","country":"Denmark","lat":55.617,"lng":12.655},
  {"name":"🇸🇪 Stockholm (ARN)","city":"Stockholm","country":"Sweden","lat":59.651,"lng":17.918},
  {"name":"🇫🇮 Helsinki (HEL)","city":"Helsinki","country":"Finland","lat":60.317,"lng":24.963},
  {"name":"🇳🇴 Oslo (OSL)","city":"Oslo","country":"Norway","lat":60.193,"lng":11.100},
  {"name":"🇨🇭 Zurich (ZRH)","city":"Zurich","country":"Switzerland","lat":47.464,"lng":8.549},
  {"name":"🇨🇭 Genève (GVA)","city":"Geneva","country":"Switzerland","lat":46.236,"lng":6.109},
  {"name":"🇦🇹 Vienne (VIE)","city":"Vienna","country":"Austria","lat":48.110,"lng":16.569},
  {"name":"🇵🇱 Varsovie (WAW)","city":"Warsaw","country":"Poland","lat":52.165,"lng":20.967},
  {"name":"🇨🇿 Prague (PRG)","city":"Prague","country":"Czech Republic","lat":50.100,"lng":14.260},
  {"name":"🇭🇺 Budapest (BUD)","city":"Budapest","country":"Hungary","lat":47.436,"lng":19.255},
  {"name":"🇷🇴 Bucarest (OTP)","city":"Bucharest","country":"Romania","lat":44.572,"lng":26.102},
  {"name":"🇬🇷 Athènes (ATH)","city":"Athens","country":"Greece","lat":37.936,"lng":23.944},
  {"name":"🇹🇷 Istanbul (IST)","city":"Istanbul","country":"Turkey","lat":40.976,"lng":28.814},
  {"name":"🇷🇸 Belgrade (BEG)","city":"Belgrade","country":"Serbia","lat":44.819,"lng":20.308},
  {"name":"🇭🇷 Zagreb (ZAG)","city":"Zagreb","country":"Croatia","lat":45.737,"lng":16.067},
  {"name":"🇸🇮 Ljubljana (LJU)","city":"Ljubljana","country":"Slovenia","lat":46.223,"lng":14.457},

  {"name":"🇺🇸 New York JFK (JFK)","city":"New York","country":"USA","lat":40.641,"lng":-73.778},
  {"name":"🇺🇸 New York Newark (EWR)","city":"Newark","country":"USA","lat":40.689,"lng":-74.174},
  {"name":"🇺🇸 Los Angeles (LAX)","city":"Los Angeles","country":"USA","lat":33.942,"lng":-118.408},
  {"name":"🇺🇸 San Francisco (SFO)","city":"San Francisco","country":"USA","lat":37.618,"lng":-122.375},
  {"name":"🇺🇸 Miami (MIA)","city":"Miami","country":"USA","lat":25.795,"lng":-80.287},
  {"name":"🇺🇸 Chicago O'Hare (ORD)","city":"Chicago","country":"USA","lat":41.974,"lng":-87.907},
  {"name":"🇺🇸 Dallas Fort (DFW)","city":"Dallas/Fort Worth","country":"USA","lat":32.899,"lng":-97.040},
  {"name":"🇺🇸 Atlanta (ATL)","city":"Atlanta","country":"USA","lat":33.640,"lng":-84.427},
  {"name":"🇺🇸 Washington (IAD)","city":"Washington D.C.","country":"USA","lat":38.954,"lng":-77.447},

  {"name":"🇲🇽 Mexico (MEX)","city":"Mexico City","country":"Mexico","lat":19.436,"lng":-99.072},
  {"name":"🇲🇽 Cancún (CUN)","city":"Cancún","country":"Mexico","lat":21.038,"lng":-86.872},

  {"name":"🇧🇷 São Paulo (GRU)","city":"São Paulo","country":"Brazil","lat":-23.435,"lng":-46.473},
  {"name":"🇧🇷 Rio de Janeiro (GIG)","city":"Rio de Janeiro","country":"Brazil","lat":-22.810,"lng":-43.250},

  {"name":"🇦🇷 Buenos Aires (EZE)","city":"Buenos Aires","country":"Argentina","lat":-34.822,"lng":-58.535},

  {"name":"🇨🇴 Bogotá (BOG)","city":"Bogotá","country":"Colombia","lat":4.701,"lng":-74.146},
  {"name":"🇨🇱 Santiago (SCL)","city":"Santiago","country":"Chile","lat":-33.393,"lng":-70.785},
  {"name":"🇵🇪 Lima (LIM)","city":"Lima","country":"Peru","lat":-12.021,"lng":-77.114},
  {"name":"🇻🇪 Caracas (CCS)","city":"Caracas","country":"Venezuela","lat":10.605,"lng":-66.990},
  {"name":"🇺🇾 Montevideo (MVD)","city":"Montevideo","country":"Uruguay","lat":-34.836,"lng":-56.030},

  {"name":"🇵🇦 Panama City (PTY)","city":"Panama City","country":"Panama","lat":8.973,"lng":-79.555},
  {"name":"🇩🇴 Santo Domingo (SDQ)","city":"Santo Domingo","country":"Dominican Republic","lat":18.439,"lng":-69.668},
  {"name":"🇨🇺 La Havane (HAV)","city":"Havana","country":"Cuba","lat":23.074,"lng":-82.378},
  {"name":"🇯🇲 Kingston (KIN)","city":"Kingston","country":"Jamaica","lat":17.935,"lng":-76.787},
  {"name":"🇧🇸 Nassau (NAS)","city":"Nassau","country":"Bahamas","lat":25.077,"lng":-77.355},
  {"name":"🇵🇷 San Juan (SJU)","city":"San Juan","country":"Puerto Rico","lat":18.439,"lng":-66.001},
]

